{
  "scaler": {
    "mean": [
      99.532875,
      7.55235875,
      7.54963,
      5.555875,
      0.395,
      4.950875,
      5.56725,
      2.5055,
      41.929735,
      552.531125,
      0.97425,
      59.1658556,
      10136.059625,
      39.083375,
      39.4495
    ],
    "scale": [
      15.14154613090668,
      1.447925826414612,
      1.4727329911087075,
      2.8662916781749552,
      0.4888506929523574,
      3.152572240944686,
      2.90778737831706,
      1.7163827516029166,
      23.60987858831076,
      299.5621350925954,
      1.615498974775286,
      22.230368115897534,
      3037.9921937144372,
      32.51086239411953,
      33.04465084926757
    ],
    "feature_names": [
      "IQ",
      "Prev_Sem_Result",
      "CGPA",
      "Academic_Performance",
      "Internship_Experience",
      "Extra_Curricular_Score",
      "Communication_Skills",
      "Projects_Completed",
      "CGPA_x_Communication",
      "IQ_x_Academic_Performance",
      "Projects_x_Internship",
      "CGPA_squared",
      "IQ_squared",
      "Academic_Performance_squared",
      "Communication_Skills_squared"
    ]
  },
  "models": {
    "logistic_regression": {
      "name": "Logistic Regression",
      "accuracy": 0.8895,
      "auc": 0.9574178006991997,
      "precision": 0.6173361522198731,
      "recall": 0.8795180722891566,
      "feature_importance": [
        2.849261296563504,
        0.3391465664345428,
        1.7232119434091708,
        0.21982182448617102,
        0.05434077193823439,
        0.05333576982784482,
        0.6102250893419152,
        1.3012151668365644,
        0.22067276886035717,
        0.20959782397399107,
        0.056293143483214736,
        0.07477407561120601,
        4.5189254743259255,
        0.006847999560780353,
        2.7958491388549693
      ],
      "coefficients": [
        -2.849261296563504,
        0.3391465664345428,
        1.7232119434091708,
        -0.21982182448617102,
        0.05434077193823439,
        -0.05333576982784482,
        -0.6102250893419152,
        1.3012151668365644,
        -0.22067276886035717,
        0.20959782397399107,
        -0.056293143483214736,
        0.07477407561120601,
        4.5189254743259255,
        0.006847999560780353,
        2.7958491388549693
      ],
      "intercept": -2.275427993855102,
      "classes": [
        0,
        1
      ]
    },
    "random_forest": {
      "name": "Random Forest",
      "accuracy": 0.9995,
      "auc": 1.0,
      "precision": 1.0,
      "recall": 0.9969879518072289,
      "feature_importance": [
        0.15541547195231353,
        0.04529824787166545,
        0.09355673091307162,
        0.0026875277520945384,
        0.006612078091202843,
        0.002710114797039926,
        0.09615404927757101,
        0.11081030249562807,
        0.12372725641530431,
        0.011807754047967904,
        0.006221462406028059,
        0.07805424375267173,
        0.16714689999654525,
        0.003164448940569166,
        0.09663341129032654
      ]
    },
    "xgboost": {
      "name": "XGBoost",
      "accuracy": 1.0,
      "auc": 1.0,
      "precision": 1.0,
      "recall": 1.0,
      "feature_importance": [
        0.1553846001625061,
        0.002651589922606945,
        0.11567438393831253,
        0.002399760764092207,
        0.0,
        0.00909141544252634,
        0.15187150239944458,
        0.17573195695877075,
        0.3855282962322235,
        0.0016664215363562107,
        0.0,
        0.0,
        0.0,
        0.0,
        0.0
      ]
    }
  }
}