{
  "scaler": {
    "mean": [
      99.44729411764706,
      7.544874117647059,
      7.542057647058824,
      5.554941176470588,
      0.3948235294117647,
      4.945882352941177,
      5.568588235294118,
      2.5088235294117647
    ],
    "scale": [
      15.147600810863068,
      1.4498430894940437,
      1.4739854301998792,
      2.8668355678361435,
      0.48881275559727577,
      3.15641468017401,
      2.9091541737969844,
      1.7172597266744865
    ],
    "feature_names": [
      "IQ",
      "Prev_Sem_Result",
      "CGPA",
      "Academic_Performance",
      "Internship_Experience",
      "Extra_Curricular_Score",
      "Communication_Skills",
      "Projects_Completed"
    ]
  },
  "models": {
    "logistic_regression": {
      "name": "Logistic Regression",
      "accuracy": 0.8673333333333333,
      "auc": 0.9463593783607653,
      "precision": 0.5664893617021277,
      "recall": 0.8554216867469879,
      "feature_importance": [
        1.6610566029888736,
        0.3339100379919913,
        1.5588646642760047,
        0.020911390435570623,
        0.023610193451632785,
        0.058169298027117344,
        1.8781846365330872,
        1.1746941609007606
      ],
      "coefficients": [
        1.6610566029888736,
        0.3339100379919913,
        1.5588646642760047,
        -0.020911390435570623,
        0.023610193451632785,
        -0.058169298027117344,
        1.8781846365330872,
        1.1746941609007606
      ],
      "intercept": -2.0818668735041297,
      "classes": [
        0,
        1
      ]
    },
    "random_forest": {
      "name": "Random Forest",
      "accuracy": 1.0,
      "auc": 1.0,
      "precision": 1.0,
      "recall": 1.0,
      "feature_importance": [
        0.2644979972992621,
        0.11550986100373796,
        0.20204793445319255,
        0.003939548916027652,
        0.0011881323489698825,
        0.0047794010576861215,
        0.2732133429272005,
        0.13482378199392325
      ]
    },
    "xgboost": {
      "name": "XGBoost",
      "accuracy": 0.9986666666666667,
      "auc": 1.0,
      "precision": 1.0,
      "recall": 0.9919678714859438,
      "feature_importance": [
        0.2199939340353012,
        0.043657682836055756,
        0.16472353041172028,
        0.00531135406345129,
        0.00407593697309494,
        0.004348852206021547,
        0.34987667202949524,
        0.20801205933094025
      ]
    }
  }
}